feature,linear_regression,lasso_regression,ridge_regression,support_vector_regression,random_forest,xgboost,summed_value,port_name
Deadweight,6.619285144537547e-15,0.1260680068142217,0.02313741995780609,0.037456343498387695,0.13616116425710917,0.022052679563738624,0.34487561409126993,ras_tanurah_large
sum_dwt_lag0,1.6432903890197258e-15,0.1542857137575148,0.02137270241003998,0.01901721025423697,0.09612861944268268,0.029243204251802463,0.32004745011627855,ras_tanurah_large
n_Suezmax_lag12,0.02775466146273217,0.045922294316468895,0.013604685794074287,0.008999473660941193,0.12133668351868294,0.09223403229653865,0.30985183104943814,ras_tanurah_large
sum_dwt_lag6,1.832594874729634e-14,0.14218537941979753,0.022062450430741034,0.023347932196580122,0.021322948279368998,0.007877132233521138,0.21679584256002715,ras_tanurah_large
n_VLCC_lag12,0.04043556466385682,0.06238638177641764,0.009871775677038815,0.005235341643458398,0.03900816928615626,0.04491714309756673,0.20185437614449464,ras_tanurah_large
n_Suezmax_lag6,0.01898858233436211,0.04695928087598141,0.023757781248050183,0.03858938720646009,0.03933393841928857,0.017742383651783006,0.18537135373592536,ras_tanurah_large
n_Suezmax_lag0,0.050578729294712715,0.0454179602768338,0.02630176490820947,0.029319483702122152,0.01512426699351901,0.013144852785074854,0.179887057960472,ras_tanurah_large
total_vessels_anchor_lag0,0.12022846593557737,0.0,0.01969910933723802,0.019625971151594927,0.003085767720486082,0.0027710307745589034,0.1654103449194553,ras_tanurah_large
n_VLCC_lag6,0.028154745050213783,0.0,0.01789085261185679,0.014464465011239993,0.05529428902916673,0.0368283250571836,0.1526326767596609,ras_tanurah_large
SPM_1_vessel_class,2.362164438721401e-16,0.06983765402973327,0.015576564718401232,0.010650642475481531,0.006690271600659728,0.028671700174888178,0.13142683299916416,ras_tanurah_large
n_VLCC_lag0,0.08029969107636549,0.0,0.02005272450113493,0.01664859864554483,0.0017850874995807113,0.006585601115211135,0.1253717028378371,ras_tanurah_large
SPM_3_time,2.5396523767162104e-15,0.03803289169104919,0.02112953344727142,0.016429074067367863,0.023445331969440198,0.011901995922633983,0.11093882709776519,ras_tanurah_large
total_vessels_anchor_lag6,0.04107540523847445,0.0,0.018197838727118828,0.02399627105854566,0.0020738741482645177,0.016116078248122744,0.1014594674205262,ras_tanurah_large
n_Aframax_lag0,0.07143817293694654,0.0,0.006734258851028488,0.004881367526289998,0.0006668535478593531,0.0172426843591134,0.10096333722123778,ras_tanurah_large
sum_dwt_lag12,1.4922670816624473e-14,0.020076545908742572,0.012231174628445597,0.007054886971229415,0.03611386306122583,0.013816777976291461,0.0892932485459498,ras_tanurah_large
vessel_class,1.0942543883441748e-15,0.027475912523728083,0.017186001887364095,0.029617963607420434,0.013666994876777543,0.0,0.08794687289529124,ras_tanurah_large
total_vessels_anchor_lag12,0.06011356765767631,0.0,0.011268221043119229,0.006483763918181134,0.003047644948294223,0.006132557335027198,0.08704575490229809,ras_tanurah_large
SPM_1_time,2.138525393086145e-15,0.019487263385912036,0.01694819409626755,0.015112628384018896,0.011591594476982691,0.021191302918287726,0.08433098326147104,ras_tanurah_large
berth_4_time,1.4395729237800362e-15,0.01860787772706979,0.01448145649079583,0.011250890285488535,0.016721067321787877,0.017894064239362763,0.07895535606450624,ras_tanurah_large
SPM_3_vessel_class,3.3234332996838177e-15,0.03923847220851767,0.012878904501286965,0.006475182930728413,0.0014912783896758929,0.016024785966534866,0.07610862399674714,ras_tanurah_large
berth_4_dwt,4.714421755568449e-15,0.033619840143839265,0.014724972258986968,0.0029536741722201013,0.011092673541312286,0.009880907554203202,0.07227206767056653,ras_tanurah_large
SPM_2_vessel_class,1.3332703654995874e-14,0.021282186162341007,0.015137989811740055,0.013813498648138932,0.0007796402361720104,0.013243867106118279,0.06425718196452361,ras_tanurah_large
SPM_1_dwt,3.579639442911365e-15,0.0,0.015102873840812303,0.010206532361342734,0.02204443205528454,0.013918322152534825,0.06127216040997799,ras_tanurah_large
SPM_2_time,1.7533309783437974e-15,0.011722767138039535,0.013574899608756052,0.016155477225839026,0.007912687450559307,0.009365890724813043,0.05873172214800872,ras_tanurah_large
hour_of_day_18,0.0010318647995226716,0.0,0.026330843060470094,0.014342023410596563,0.009567715596737313,0.006072220436800228,0.057344667304126865,ras_tanurah_large
sum_dwt_lag24,1.1442779224652816e-14,0.02581964776292821,0.004997239657585378,0.0048662055486040825,0.012661958358424931,0.007133073050642274,0.05547812437819632,ras_tanurah_large
berth_6_vessel_class,4.498881856998561e-15,0.031253953819074476,0.008880481989508781,0.007487595063061669,0.0005901094914240423,0.006410157288303132,0.0546222976513766,ras_tanurah_large
mean_wait_time12,1.589582390290971e-15,0.011751985391208386,0.010629385441135111,0.011464585050036105,0.013584340577454104,0.0047559097871942,0.0521862062470295,ras_tanurah_large
n_Aframax_lag24,0.006591691211331037,0.0,0.0014590560701353828,0.0015860912551155795,0.001075965229606885,0.04059917556530961,0.051311979331498496,ras_tanurah_large
hour_of_day_19,0.0010318647995264008,0.0,0.015327771813804245,0.009384155140470743,0.003082339457003608,0.017410534665978125,0.04623666587678313,ras_tanurah_large
n_Aframax_lag6,0.024546026730556666,0.0,0.008330538653177535,0.004404779081764454,0.0005343777910688908,0.006200785325167389,0.044016507581734934,ras_tanurah_large
total_vessels_anchor_lag24,0.011294523121073518,0.0,0.006304123390811492,0.007909171672451261,0.002432506429640599,0.015841281006645103,0.04378160562062197,ras_tanurah_large
berth_1_time,1.042703446144437e-15,0.0,0.010008631235709687,0.014494865601951458,0.009460809106486816,0.009057986882735312,0.04302229282688432,ras_tanurah_large
mean_wait_time48,1.4906679250768991e-15,0.005222300892865001,0.010354669848151405,0.0006342616447455028,0.017057445323785895,0.009499229615040508,0.0427679073245898,ras_tanurah_large
hour_of_day_23,0.0010318647995333048,0.0,0.012857761567587556,0.009650586897824675,0.00341094084727602,0.014474652041303783,0.04142580615352534,ras_tanurah_large
day_of_week_Wednesday,0.003021290607555616,0.0,0.005919175355261066,0.01507205964982798,0.0002910401346097398,0.015672795022995085,0.03997636077024949,ras_tanurah_large
berth_4_vessel_class,2.2240332776085253e-15,0.0,0.007330695115482247,0.015701221721499223,0.0008885948846415667,0.014872606469724716,0.03879311819134998,ras_tanurah_large
berth_6_dwt,2.0148203738456344e-15,0.0,0.006818204278637524,0.008268754395861066,0.012103867399991171,0.009852543319915778,0.037043369394407555,ras_tanurah_large
n_Aframax_lag12,0.03534570943290299,0.0,0.00020596316080336366,0.00017071989330870327,0.0009802804001139951,2.5234670745875386e-05,0.03672790755787493,ras_tanurah_large
total_vessels_anchor_lag48,0.027654193046364225,0.0,0.0020259156313693774,0.0006480526194182135,0.002220217501649951,0.0029155414618504305,0.035463920260652204,ras_tanurah_large
sum_dwt_lag48,2.5957754784365472e-14,0.0,0.0011964742511445551,0.0018462088347954507,0.02128279877918163,0.010747000862084313,0.03507248272723191,ras_tanurah_large
pred_berth_berth1,0.014338474490132468,0.0,0.004338989955375934,0.01569415458457671,0.0005359208932646777,0.0,0.03490753992334979,ras_tanurah_large
pred_berth_berth1,0.014338474490132468,0.0,0.004338989955375934,0.01569415458457671,0.0005359208932646777,0.0,0.03490753992334979,ras_tanurah_large
n_Suezmax_lag24,0.004858234831680134,0.0,0.005510014893742958,0.01027323408059495,0.0033094253297059795,0.009957065192080294,0.03390797432780432,ras_tanurah_large
hour_of_day_11,0.0010318647995272425,0.0,0.010973888416819495,0.01189786913355168,0.003022179043770311,0.006950924464857366,0.033876725858526094,ras_tanurah_large
hour_of_day_2,0.0010318647995279924,0.0,0.009108760430224088,0.009342558936513673,0.006609435777599822,0.007434477270597296,0.03352709721446287,ras_tanurah_large
n_ULCC_lag0,0.01967085573716154,0.0,0.004511292220647883,0.005525627635335752,0.0004685121738189841,0.002884909354241919,0.03306119712120608,ras_tanurah_large
month_of_year_July,0.0016054838399619286,0.0,0.009319155531449606,0.0037367366909941556,0.003143484215196512,0.014709457007516387,0.03251431728511859,ras_tanurah_large
hour_of_day_3,0.0010318647995345798,0.0,0.012681059308768627,0.01849583481165438,0.00027296234887497434,0.0,0.03248172126883256,ras_tanurah_large
month_of_year_December,0.0016054838399638238,0.0,0.0020937103807595033,0.0003699277070025972,0.0035712564967399995,0.024336516973052405,0.03197689539751833,ras_tanurah_large
month_of_year_August,0.0016054838399664393,0.0,0.010878679525986744,0.0017346258377032332,0.00046654373196212414,0.01704210510099848,0.03172743803661702,ras_tanurah_large
mean_wait_time72,8.122682736317899e-16,0.0,0.00231535686110682,0.0009335531145378058,0.022023411036092854,0.006269919377164065,0.031542240388902354,ras_tanurah_large
berth_6_time,1.0087075272631355e-15,0.0,0.003664684107112971,0.00794695711430231,0.01025006131976537,0.009657741503687709,0.031519444044869366,ras_tanurah_large
pred_berth_berth4,0.009114295135871085,0.0,0.007781640505612143,0.007149828224524147,0.006449087639881222,0.0,0.0304948515058886,ras_tanurah_large
pred_berth_berth4,0.009114295135871085,0.0,0.007781640505612143,0.007149828224524147,0.006449087639881222,0.0,0.0304948515058886,ras_tanurah_large
SPM_3_dwt,9.23808723611336e-16,0.0,0.008619817385994646,0.0015138518407046746,0.01119908073073213,0.009126767506348252,0.030459517463780627,ras_tanurah_large
berth_1_vessel_class,4.731770553263387e-15,0.0,0.0031577855680719755,0.00826340384112849,0.0005093707739314842,0.018305073274237475,0.030235633457374157,ras_tanurah_large
n_VLCC_lag48,0.018845878005959094,0.0,0.003460282464261827,0.0036373581722752204,0.0017480990635617038,0.002283857181531054,0.029975474887588904,ras_tanurah_large
hour_of_day_4,0.001031864799533766,0.0,0.011734052632613302,0.008667744695658368,0.0010209307136975296,0.0074905616591945095,0.029945154500697478,ras_tanurah_large
berth_1_dwt,5.759892118420529e-15,0.0,0.006106613650522952,0.015423621047804332,0.0035225557939301626,0.004870870895772852,0.029923661388036055,ras_tanurah_large
day_of_week_Tuesday,0.0030212906075558913,0.0,0.0047753871162556395,0.003517322665580231,0.0009731040563566618,0.014999206988305912,0.027286311434054335,ras_tanurah_large
n_ULCC_lag12,0.009495873705751876,0.0009737543090280847,0.009393772715783023,0.006439141253795371,0.0002516191632903324,0.0,0.02655416114764868,ras_tanurah_large
berth_2_dwt,5.356629365630444e-16,0.0,0.0014274384888350734,0.0120049703106884,0.006514701065101268,0.006526811392985692,0.02647392125761097,ras_tanurah_large
n_VLCC_lag24,0.007620111868040041,0.0,0.004970671821674931,0.004285755823668125,0.0016091087251251756,0.007749553978795846,0.02623520221730412,ras_tanurah_large
berth_5_vessel_class,1.4017204118468343e-17,0.002371929668687524,0.008067211214938197,0.0065952346212967946,0.0007388310351813171,0.007132661294217587,0.024905867834321433,ras_tanurah_large
hour_of_day_9,0.0010318647995344217,0.0,0.012921150108433936,0.009910007378255268,0.00027431073661924384,0.0,0.02413733302284287,ras_tanurah_large
pred_berth_SPM3,0.007159245525778758,0.0,0.010459860336660484,0.00575236584452881,0.0003277713514126847,0.0,0.023699243058380736,ras_tanurah_large
pred_berth_SPM3,0.007159245525778758,0.0,0.010459860336660484,0.00575236584452881,0.0003277713514126847,0.0,0.023699243058380736,ras_tanurah_large
pred_berth_SPM2,0.001293849307503173,0.0,0.0070838282766883245,0.015091520838489622,0.00017696951233294662,0.0,0.023646167935014065,ras_tanurah_large
pred_berth_SPM2,0.001293849307503173,0.0,0.0070838282766883245,0.015091520838489622,0.00017696951233294662,0.0,0.023646167935014065,ras_tanurah_large
berth_2_time,1.5057709703619809e-15,0.0,0.007940675607541978,0.0024454247087450833,0.004442651805319311,0.008631151176545296,0.023459903298153173,ras_tanurah_large
hour_of_day_1,0.0010318647995327078,0.0,0.009192317976741892,0.009355565497921683,0.0006593342915023235,0.003046972580263871,0.023286055145962478,ras_tanurah_large
pred_berth_SPM1,0.01175989146834766,0.0,0.005167066454660785,0.005771071287695743,0.00010598447645149461,0.0,0.022804013687155688,ras_tanurah_large
pred_berth_SPM1,0.01175989146834766,0.0,0.005167066454660785,0.005771071287695743,0.00010598447645149461,0.0,0.022804013687155688,ras_tanurah_large
SPM_2_dwt,1.1336913104610702e-14,0.0,0.0019399106534628337,0.0010258246134016574,0.006777940205294299,0.012543715097524288,0.022287390569694414,ras_tanurah_large
month_of_year_January,0.0016054838399615129,0.0,0.008233562541719624,0.005108148509566228,0.0018733663897967908,0.005409897622901726,0.02223045890394588,ras_tanurah_large
hour_of_day_14,0.0010318647995302018,0.0,0.0022371979796274584,0.015108636612129545,0.0005527030564246365,0.0032243353008581136,0.022154737748569957,ras_tanurah_large
n_Suezmax_lag48,0.011806893197587964,0.0,0.0034193931323660237,0.004490399198372414,0.001767293459242137,0.00039453522506691845,0.021878514212635456,ras_tanurah_large
month_of_year_June,0.0016054838399650773,0.0,0.003601491015074667,0.004740871625765453,0.0014488454780116513,0.010409851933439695,0.021806543892256544,ras_tanurah_large
hour_of_day_10,0.0010318647995328934,0.0,0.012774140046329931,0.007285807429216845,0.00044462365923448504,0.0,0.021536435934314153,ras_tanurah_large
mean_wait_time24,1.2771218578840106e-16,0.0,0.0018317658146607685,0.00023967116337558303,0.01494785964332202,0.004389005154471648,0.021408301775830148,ras_tanurah_large
month_of_year_March,0.0016054838399658876,0.0,0.010335142991567563,0.009011534471066852,0.0003115983433824138,0.0,0.021263759645982715,ras_tanurah_large
berth_3_vessel_class,1.3757248988791378e-15,0.0,0.0026066394994324017,0.01284399623009579,0.0006948267513627482,0.004926589498350536,0.02107205197924285,ras_tanurah_large
hour_of_day_20,0.0010318647995271734,0.0,0.011163333716866798,0.0010672989600314505,0.0006119504392827885,0.006772137156008682,0.02064658507171689,ras_tanurah_large
hour_of_day_0,0.0010318647995321134,0.0,0.0044207598561775505,0.001959237462582253,0.000509524153179882,0.012539157601443113,0.02046054387291491,ras_tanurah_large
day_of_week_Saturday,0.003021290607558801,0.0,0.012237429109882571,0.0024193566673696315,0.0009704420717434653,0.0016642515015903726,0.02031276995814484,ras_tanurah_large
mean_wait_time3,5.320139334388452e-16,0.0,0.004083731668674234,0.000992268042424613,0.00860209360337231,0.006365872958973796,0.020043966273445485,ras_tanurah_large
berth_3_time,3.431267821842045e-16,0.0,0.0012991296811720554,0.00738920193437784,0.006438066695357186,0.004121117561472393,0.019247515872379817,ras_tanurah_large
berth_5_dwt,1.4016767766242267e-15,0.0,0.0018888095198947449,0.006243873872998335,0.004579415839493791,0.006105206426874961,0.018817305659263234,ras_tanurah_large
n_Aframax_lag48,0.015408681734080975,0.0,0.0006931865455242907,0.0011368988913282678,0.0014976790029546491,0.0,0.018736446173888182,ras_tanurah_large
day_of_week_Sunday,0.003021290607557027,0.0,0.0025921801701990713,0.003336453572858819,0.0019485782421096007,0.007794829884821368,0.018693332477545885,ras_tanurah_large
day_of_week_Friday,0.003021290607555351,0.0,0.006796062986678935,0.002134978138497861,0.001450126007125206,0.005086781531160416,0.01848923927101777,ras_tanurah_large
day_of_week_Thursday,0.0030212906075570882,0.0,0.0024422892243406327,0.008130835425802119,0.002161943194866598,0.0021244120442286186,0.017880770496795057,ras_tanurah_large
hour_of_day_6,0.0010318647995330415,0.0,0.007651537482089239,0.006970189948134633,0.0008179607824542989,0.000834803835836488,0.017306356848047703,ras_tanurah_large
month_of_year_November,0.0016054838399630238,0.0,0.0021317490380312514,0.003238899175681432,0.0035529004397924268,0.006584575431440155,0.017113607924908292,ras_tanurah_large
pred_berth_berth5,0.00781357720604754,0.0,0.007039412123344464,0.0014636877045751872,0.0005619392088700358,0.0,0.01687861624283723,ras_tanurah_large
pred_berth_berth5,0.00781357720604754,0.0,0.007039412123344464,0.0014636877045751872,0.0005619392088700358,0.0,0.01687861624283723,ras_tanurah_large
berth_3_dwt,2.0801095241601344e-15,0.0,0.0036768577156283512,0.0009484974116520552,0.005223027443009227,0.006966709614516398,0.01681509218480811,ras_tanurah_large
hour_of_day_8,0.0010318647995317504,0.0,0.004756633521345629,0.009253864033382433,0.00034229949637739227,0.0014152523077509774,0.016799914158388184,ras_tanurah_large
pred_berth_berth6,0.011208368635076692,0.0,0.0008152752196345355,0.003472743375217602,0.00103808008928165,0.0,0.01653446731921048,ras_tanurah_large
pred_berth_berth6,0.011208368635076692,0.0,0.0008152752196345355,0.003472743375217602,0.00103808008928165,0.0,0.01653446731921048,ras_tanurah_large
hour_of_day_16,0.0010318647995279451,0.0,0.00766999764744319,0.004957084229539137,0.0017117271623825567,0.0008491489501963348,0.016219822789089164,ras_tanurah_large
hour_of_day_17,0.001031864799529564,0.0,0.004560826106270583,0.0026179493229644725,0.0007386838541272288,0.007231764095933302,0.016181088178825152,ras_tanurah_large
ShiptypeLevel5_Crude/Oil Products Tanker,0.00017130069975460803,0.0,0.007976378239307358,0.007707914058131862,3.172414309247124e-05,0.0,0.0158873171402863,ras_tanurah_large
ShiptypeLevel5_Crude Oil Tanker,0.00017130069977135413,0.0,0.00797637823930735,0.007707914058131868,2.6766949125917696e-05,0.0,0.01588235994633649,ras_tanurah_large
hour_of_day_5,0.0010318647995296807,0.0,0.002943364544398225,0.006493962329587599,0.0019922985108932214,0.0031741919692456783,0.015635682153654407,ras_tanurah_large
mean_wait_time6,1.7238439077187597e-16,0.0,0.002129355510431564,0.0014103136824638587,0.007966533325166602,0.0036452015275010236,0.01515140404556322,ras_tanurah_large
month_of_year_February,0.0016054838399625542,0.0,0.008381827628249868,0.0011067852481459947,0.0012147283106108324,0.0021272664109445354,0.014436091437913783,ras_tanurah_large
berth_5_time,6.785432326309977e-16,0.0,0.005127699564243303,0.003231812092766006,0.00304168435629172,0.0030000652191607005,0.014401261232462405,ras_tanurah_large
n_Panamax_lag12,0.007782579617084794,0.0,0.0025225286508763025,0.0039274683453563,0.0,0.0,0.014232576613317397,ras_tanurah_large
pred_berth_berth3,0.011821742432439629,0.0,0.0010566911684124596,0.0009804230771567253,0.00028509592273914705,0.0,0.01414395260074796,ras_tanurah_large
pred_berth_berth3,0.011821742432439629,0.0,0.0010566911684124596,0.0009804230771567253,0.00028509592273914705,0.0,0.01414395260074796,ras_tanurah_large
month_of_year_May,0.001605483839963763,0.0,0.003336588393944226,0.008604511924353284,0.0005887771936861687,0.0,0.01413536135194744,ras_tanurah_large
month_of_year_October,0.001605483839963489,0.0,0.0044959485124133995,0.0034356354520468815,0.002076025100641927,0.0024162289631812057,0.014029321868246904,ras_tanurah_large
n_ULCC_lag6,0.0061127098858381095,0.0,0.0002776067354506328,0.0072183841092298435,0.00016939598807094212,0.0,0.013778096718589528,ras_tanurah_large
n_ULCC_lag48,0.004393179153215803,0.0,0.004451614269303272,0.004266159893234918,0.00046020246728413613,0.0,0.01357115578303813,ras_tanurah_large
n_Panamax_lag6,0.010466907966346794,0.0,0.0010749584254664622,0.0019189623587743101,0.0,0.0,0.013460828750587565,ras_tanurah_large
hour_of_day_15,0.001031864799532645,0.0,0.007713351779586744,0.003369269832487616,0.0007280296877315023,0.0,0.012842516099338508,ras_tanurah_large
berth_2_vessel_class,1.1319656688831663e-15,0.0,0.0022086264279002066,0.004835722025257906,0.0005683589789530824,0.00451036949561381,0.012123076927726135,ras_tanurah_large
month_of_year_April,0.001605483839963771,0.0,0.0004279104329784182,0.00043935547988605683,0.002521332409979013,0.006703475660004805,0.011697557822812064,ras_tanurah_large
day_of_week_Monday,0.003021290607557598,0.0,0.00021872695377352775,0.004641782791454296,0.0009991760976120528,0.001908790701095014,0.01078976715149249,ras_tanurah_large
pred_berth_berth2,0.0086151004564332,0.0,0.0016787460956298726,0.0001850328410227397,0.00023332579347598548,0.0,0.010712205186561798,ras_tanurah_large
pred_berth_berth2,0.0086151004564332,0.0,0.0016787460956298726,0.0001850328410227397,0.00023332579347598548,0.0,0.010712205186561798,ras_tanurah_large
hour_of_day_13,0.0010318647995291722,0.0,0.004818015388303407,0.0009256145954646162,0.0008282469281191332,0.0011288390122024465,0.008732580723618774,ras_tanurah_large
hour_of_day_7,0.0010318647995310394,0.0,0.0005556774437355577,0.0028888020402898394,0.0016703298925938843,0.0025138505786705383,0.008660524754820858,ras_tanurah_large
hour_of_day_22,0.0010318647995303718,0.0,0.0019747893584311387,0.004778050601340418,0.0003591906530060311,0.0,0.00814389541230796,ras_tanurah_large
hour_of_day_21,0.001031864799529391,0.0,0.0042463848158157316,0.00018022144162499137,0.0008527797374294008,0.001373118577779036,0.007684369372178551,ras_tanurah_large
n_Panamax_lag0,0.004316115707289465,0.0,0.0010027989733046956,0.0012145224511881062,0.0,0.0,0.006533437131782267,ras_tanurah_large
n_ULCC_lag24,0.001723059842185361,0.0,0.0017768397963051799,0.002142945841471378,0.00010558717656573434,0.0,0.005748432656527653,ras_tanurah_large
hour_of_day_12,0.0010318647995313525,0.0,0.00014715283820202702,0.0030242724298897863,0.0004047559530080789,0.0,0.004608046020631245,ras_tanurah_large
n_Panamax_lag48,0.0005524867270449395,0.0,0.001715118893573155,0.002110342255654285,0.0,0.0,0.004377947876272379,ras_tanurah_large
month_of_year_September,0.0016054838399639172,0.0,0.0018887205115527992,0.0006121171596734343,0.00024483214370881465,0.0,0.004351153654898965,ras_tanurah_large
n_Panamax_lag24,0.000675416591446215,0.0,0.0,0.0,0.0,0.0,0.000675416591446215,ras_tanurah_large
